<?xml version="1.0" encoding="UTF-8"?>
<beans xmlns="http://www.springframework.org/schema/beans"
	xmlns:jaxws="http://cxf.apache.org/jaxws" xmlns:xsi="http://www.w3.org/2001/XMLSchema-instance"
	xmlns:p="http://www.springframework.org/schema/p" xmlns:context="http://www.springframework.org/schema/context"
	xmlns:util="http://www.springframework.org/schema/util" xmlns:mvc="http://www.springframework.org/schema/mvc"
	xmlns:sec="http://cxf.apache.org/configuration/security" xmlns:http="http://cxf.apache.org/transports/http/configuration"
	xsi:schemaLocation="
        http://www.springframework.org/schema/beans
        http://www.springframework.org/schema/beans/spring-beans-3.0.xsd
        http://www.springframework.org/schema/context
        http://www.springframework.org/schema/context/spring-context-3.0.xsd
        http://www.springframework.org/schema/util
        http://www.springframework.org/schema/util/spring-util-3.0.xsd
        http://www.springframework.org/schema/mvc
		http://www.springframework.org/schema/mvc/spring-mvc-3.0.xsd
		http://cxf.apache.org/jaxws
        http://cxf.apache.org/schemas/jaxws.xsd
        http://cxf.apache.org/jaxws
        http://cxf.apache.org/schemas/jaxws.xsd
        http://cxf.apache.org/configuration/security
        http://cxf.apache.org/schemas/configuration/security.xsd
        http://cxf.apache.org/transports/http/configuration
        http://cxf.apache.org/schemas/configuration/http-conf.xsd">
        
    <context:property-placeholder location="${globalproplocation}" ignore-unresolvable="true" ignore-resource-not-found="true" order="-1" />
   
   	<context:annotation-config/>
	
	<context:component-scan base-package="ingram.portal.service.**" />
	
	<!--  APP DB	 -->
	<bean id="dataSource" class="org.apache.commons.dbcp.BasicDataSource">
 		<property name="driverClassName" value="${app.db.jdbc.driverClassName}" />
    	<property name="url" value="${app.db.jdbc.url}" />
    	<property name="username" value="${app.db.jdbc.username}" />
    	<property name="password" value="${app.db.jdbc.password}" />
	</bean>
	
    <bean id="jdbcTemplate" class="org.springframework.jdbc.core.JdbcTemplate">
        <property name="dataSource" ref="dataSource" />
    </bean>	
	
	<!-- <bean id="httpComponentsClientHttpRequestFactory" class="org.springframework.http.client.HttpComponentsClientHttpRequestFactory"/>

	<bean id="restTemplate" class="org.springframework.web.client.RestTemplate">
	    <constructor-arg ref="httpComponentsClientHttpRequestFactory"/>
	</bean> -->
	   
</beans>